time,temperature,humidity
00:00:05,28.80,25.60
00:00:15,28.80,25.60
00:00:26,28.80,25.50
00:00:36,28.80,25.50
00:00:46,28.80,25.50
00:00:56,28.80,25.50
00:01:06,28.80,25.50
00:01:15,28.80,25.50
00:01:28,28.80,25.50
00:01:39,28.80,25.50
00:01:46,28.80,25.60
00:01:56,28.80,25.50
00:02:05,28.80,25.50
00:02:16,28.80,25.60
00:02:28,28.80,25.70
00:02:39,28.80,25.60
00:02:45,28.80,25.60
00:02:57,28.80,25.70
00:03:05,28.80,25.60
00:03:15,28.80,25.70
00:03:26,28.80,25.60
00:03:39,28.80,25.70
00:03:45,28.80,25.90
00:03:57,28.80,25.90
00:04:06,28.80,25.90
00:04:16,28.80,25.90
00:04:26,28.80,26.00
00:04:45,28.80,25.90
00:04:59,28.80,25.80
00:05:05,28.80,25.80
00:05:17,28.80,25.90
00:05:27,28.80,25.90
00:05:40,28.80,25.90
00:05:49,28.80,25.90
00:06:02,28.80,25.90
00:06:08,28.80,25.90
00:06:19,28.80,26.00
00:06:28,28.80,26.00
00:06:39,28.80,26.20
00:06:51,28.80,26.10
00:06:59,28.80,26.10
00:07:08,28.80,26.10
00:07:19,28.70,26.00
00:07:32,28.80,25.90
00:07:42,28.80,26.00
00:07:49,28.80,26.00
00:07:59,28.80,26.10
00:08:11,28.80,26.00
00:08:19,28.80,26.00
00:08:29,28.80,25.90
00:08:41,28.80,26.10
00:08:50,28.70,26.00
00:08:59,28.70,26.00
00:09:09,28.70,26.00
00:09:19,28.70,26.00
00:09:28,28.70,26.00
00:09:39,28.70,26.00
00:09:49,28.70,26.00
00:10:00,28.70,26.00
00:10:08,28.70,25.90
00:10:19,28.80,26.00
00:10:28,28.70,25.90
00:10:39,28.80,25.90
00:10:52,28.80,26.00
00:11:00,28.70,26.00
00:11:11,28.70,25.90
00:11:18,28.70,26.00
00:11:29,28.70,26.00
00:11:39,28.70,26.00
00:11:49,28.70,26.00
00:12:08,28.70,26.00
00:12:21,28.70,26.00
00:12:39,28.70,26.00
00:12:48,28.70,26.00
00:13:02,28.70,26.00
00:13:09,28.70,26.00
00:13:22,28.70,26.00
00:13:28,28.70,26.00
00:13:40,28.70,26.00
00:13:48,28.70,26.00
00:13:58,28.70,26.00
00:14:09,28.70,26.10
00:14:19,28.70,26.20
00:14:29,28.70,26.10
00:14:39,28.70,26.10
00:14:50,28.70,26.10
00:14:59,28.70,26.20
00:15:10,28.70,26.10
00:15:22,28.70,26.20
00:15:28,28.70,26.10
00:15:39,28.70,26.20
00:15:49,28.70,26.10
00:15:59,28.70,26.20
00:16:09,28.70,26.20
00:16:18,28.70,26.10
00:16:28,28.70,26.20
00:16:48,28.70,26.10
00:16:59,28.70,26.20
00:17:10,28.70,26.10
00:17:19,28.70,26.10
00:17:29,28.70,26.20
00:17:41,28.70,26.10
00:17:49,28.70,26.10
00:17:59,28.70,26.20
00:18:10,28.70,26.10
00:18:20,28.70,26.20
00:18:29,28.70,26.10
00:18:42,28.70,26.10
00:18:48,28.70,26.10
00:18:59,28.70,26.20
00:19:08,28.70,26.20
00:19:19,28.70,26.20
00:19:32,28.70,26.20
00:19:42,28.70,26.20
00:19:48,28.70,26.10
00:19:59,28.70,26.10
00:20:08,28.70,26.10
00:20:18,28.70,26.10
00:20:32,28.70,26.10
00:20:39,28.70,26.10
00:20:50,28.70,26.10
00:21:01,28.70,26.20
00:21:08,28.70,26.20
00:21:18,28.70,26.20
00:21:28,28.70,26.20
00:21:39,28.70,26.20
00:21:50,28.70,26.20
00:22:00,28.70,26.20
00:22:10,28.70,26.10
00:22:18,28.70,26.20
00:22:28,28.70,26.20
00:22:45,28.70,26.40
00:22:48,28.70,26.30
00:23:02,28.70,26.30
00:23:09,28.70,26.20
00:23:22,28.70,26.20
00:23:29,28.70,26.20
00:23:38,28.70,26.20
00:23:49,28.70,26.20
00:23:58,28.70,26.20
00:24:09,28.70,26.30
00:24:20,28.70,26.30
00:24:29,28.70,26.30
00:24:38,28.70,26.30
00:24:49,28.70,26.30
00:24:59,28.70,26.20
00:25:12,28.70,26.20
00:25:18,28.70,26.20
00:25:29,28.70,26.20
00:25:38,28.70,26.20
00:25:49,28.70,26.30
00:26:01,28.70,26.30
00:26:08,28.70,26.20
00:26:20,28.70,26.20
00:26:39,28.70,26.30
00:26:49,28.70,26.20
00:27:00,28.70,26.20
00:27:10,28.70,26.20
00:27:19,28.70,26.20
00:27:29,28.70,26.20
00:27:39,28.70,26.20
00:27:49,28.70,26.20
00:28:03,28.70,26.10
00:28:09,28.70,26.10
00:28:18,28.70,26.10
00:28:30,28.70,26.10
00:28:42,28.70,26.10
00:28:49,28.70,26.10
00:29:00,28.70,26.20
00:29:09,28.70,26.10
00:29:19,28.70,26.10
00:29:28,28.70,26.10
00:29:42,28.70,26.10
00:29:48,28.70,26.10
00:30:02,28.70,26.10
00:30:09,28.70,26.10
00:30:21,28.70,26.10
00:30:28,28.70,26.20
00:30:38,28.70,26.10
00:30:48,28.70,26.10
00:30:59,28.70,26.10
00:31:12,28.70,26.10
00:31:19,28.70,26.10
00:31:28,28.70,26.10
00:31:38,28.70,26.10
00:31:49,28.70,26.10
00:32:02,28.70,26.10
00:32:10,28.70,26.10
00:32:19,28.70,26.10
00:32:29,28.70,26.10
00:32:40,28.70,26.10
00:32:49,28.70,26.10
00:32:59,28.70,26.10
00:33:10,28.70,26.10
00:33:19,28.70,26.10
00:33:29,28.70,26.10
00:33:39,28.70,26.10
00:33:48,28.70,26.20
00:33:59,28.70,26.10
00:34:08,28.70,26.10
00:34:19,28.70,26.20
00:34:28,28.70,26.20
00:34:39,28.70,26.20
00:34:48,28.70,26.20
00:34:59,28.70,26.20
00:35:09,28.70,26.20
00:35:19,28.70,26.30
00:35:29,28.70,26.20
00:35:39,28.70,26.20
00:35:50,28.70,26.20
00:35:59,28.70,26.20
00:36:10,28.70,26.20
00:36:24,28.70,26.20
00:36:30,28.70,26.20
00:36:41,28.70,26.20
00:36:50,28.70,26.30
00:36:59,28.70,26.20
00:37:10,28.70,26.30
00:37:24,28.70,26.30
00:37:30,28.70,26.30
00:37:40,28.70,26.30
00:37:49,28.70,26.20
00:38:09,28.70,26.30
00:38:24,28.70,26.30
00:38:34,28.70,26.40
00:38:39,28.70,26.30
00:38:53,28.70,26.30
00:39:00,28.70,26.30
00:39:09,28.70,26.20
00:39:23,28.70,26.30
00:39:30,28.70,26.20
00:39:40,28.70,26.30
00:39:51,28.70,26.30
00:39:59,28.70,26.30
00:40:13,28.70,26.30
00:40:23,28.70,26.30
00:40:30,28.70,26.30
00:40:41,28.70,26.30
00:40:52,28.70,26.20
00:41:00,28.70,26.30
00:41:10,28.70,26.30
00:41:20,28.70,26.30
00:41:31,28.60,26.30
00:41:41,28.70,26.30
00:42:00,28.60,26.30
00:42:09,28.70,26.30
00:42:20,28.70,26.30
00:42:31,28.60,26.30
00:42:40,28.70,26.30
00:42:50,28.60,26.30
00:43:00,28.70,26.30
00:43:10,28.60,26.30
00:43:21,28.60,26.30
00:43:30,28.60,26.30
00:43:41,28.70,26.30
00:43:49,28.60,26.30
00:44:02,28.60,26.30
00:44:13,28.60,26.40
00:44:20,28.60,26.30
00:44:34,28.60,26.30
00:44:40,28.60,26.40
00:44:50,28.60,26.30
00:45:01,28.60,26.30
00:45:13,28.60,26.40
00:45:23,28.60,26.30
00:45:31,28.60,26.40
00:45:41,28.60,26.30
00:45:59,28.70,26.30
00:46:13,28.60,26.30
00:46:19,28.60,26.30
00:46:32,28.70,26.40
00:46:43,28.60,26.40
00:46:49,28.60,26.40
00:47:03,28.60,26.30
00:47:11,28.60,26.30
00:47:21,28.60,26.30
00:47:30,28.60,26.40
00:47:39,28.60,26.40
00:47:52,28.70,26.50
00:47:59,28.60,26.50
00:48:11,28.60,26.50
00:48:21,28.60,26.50
00:48:30,28.60,26.50
00:48:39,28.60,26.50
00:48:50,28.60,26.60
00:49:00,28.60,26.60
00:49:09,28.60,26.60
00:49:19,28.60,26.60
00:49:29,28.60,26.50
00:49:50,28.60,26.60
00:50:00,28.60,26.60
00:50:09,28.70,26.60
00:50:20,28.60,26.70
00:50:30,28.60,26.70
00:50:41,28.60,26.70
00:50:50,28.60,26.70
00:51:03,28.60,26.70
00:51:20,28.60,26.70
00:51:29,28.60,26.80
00:51:39,28.60,26.70
00:51:49,28.60,26.70
00:52:00,28.60,26.70
00:52:10,28.60,26.70
00:52:21,28.60,26.70
00:52:30,28.60,26.70
00:52:40,28.60,26.80
00:52:51,28.60,26.80
00:53:02,28.60,26.80
00:53:13,28.60,26.80
00:53:21,28.60,26.70
00:53:29,28.60,26.80
00:53:39,28.60,26.70
00:53:51,28.60,26.80
00:54:03,28.60,26.80
00:54:11,28.60,26.80
00:54:19,28.60,26.80
00:54:33,28.60,26.80
00:54:39,28.60,26.80
00:54:50,28.60,26.80
00:55:00,28.60,26.80
00:55:09,28.60,26.80
00:55:22,28.60,26.80
00:55:33,28.60,26.80
00:55:42,28.60,26.80
00:55:52,28.60,26.80
00:56:00,28.60,26.80
00:56:12,28.60,26.80
00:56:22,28.60,26.80
00:56:35,28.60,26.80
00:56:43,28.60,26.70
00:56:50,28.60,26.80
00:57:05,28.60,26.70
00:57:11,28.60,26.80
00:57:20,28.60,26.70
00:57:32,28.60,26.70
00:57:40,28.60,26.80
00:57:50,28.60,26.70
00:58:00,28.60,26.80
00:58:12,28.60,26.80
00:58:22,28.60,26.80
00:58:31,28.60,26.80
00:58:50,28.60,26.70
00:59:01,28.60,26.70
00:59:12,28.60,26.70
00:59:21,28.60,26.80
00:59:31,28.60,26.70
00:59:41,28.60,26.70
00:59:51,28.60,26.80
01:00:02,28.60,26.80
01:00:10,28.60,26.90
01:00:24,28.60,26.80
01:00:35,28.60,26.80
01:00:42,28.60,26.80
01:00:52,28.60,26.80
01:01:03,28.60,26.80
01:01:13,28.60,26.80
01:01:22,28.60,26.80
01:01:33,28.60,26.90
01:01:42,28.60,26.90
01:01:53,28.60,26.90
01:02:02,28.60,26.90
01:02:12,28.60,26.90
01:02:25,28.60,26.90
01:02:33,28.60,26.90
01:02:42,28.60,26.90
01:02:52,28.60,26.90
01:03:02,28.60,26.90
01:03:13,28.60,26.90
01:03:22,28.60,26.90
01:03:32,28.60,26.90
01:03:42,28.60,26.90
01:03:53,28.60,26.90
01:04:02,28.60,26.90
01:04:15,28.60,26.90
01:04:22,28.60,26.90
01:04:32,28.60,26.90
01:04:45,28.60,26.90
01:04:53,28.60,26.80
01:05:02,28.60,26.90
01:05:13,28.60,26.90
01:05:23,28.60,26.80
01:05:32,28.60,26.80
01:05:42,28.60,27.00
01:05:53,28.60,27.00
01:06:02,28.60,26.90
01:06:13,28.60,27.00
01:06:24,28.60,27.00
01:06:35,28.60,26.90
01:06:42,28.60,26.90
01:06:52,28.60,26.90
01:07:07,28.60,26.90
01:07:13,28.60,26.90
01:07:23,28.60,27.00
01:07:33,28.60,26.90
01:07:43,28.60,26.90
01:07:53,28.60,26.90
01:08:03,28.60,26.80
01:08:13,28.60,26.80
01:08:23,28.60,26.80
01:08:32,28.60,26.80
01:08:43,28.60,26.70
01:08:52,28.60,26.70
01:09:03,28.60,26.70
01:09:15,28.60,26.70
01:09:26,28.60,26.70
01:09:33,28.60,26.80
01:09:42,28.60,26.80
01:09:53,28.60,26.80
01:10:02,28.60,26.70
01:10:13,28.60,26.80
01:10:25,28.60,26.80
01:10:33,28.60,26.80
01:10:43,28.60,26.70
01:10:53,28.60,26.70
01:11:03,28.60,26.70
01:11:16,28.60,26.70
01:11:22,28.60,26.80
01:11:33,28.60,26.70
01:11:43,28.60,26.60
01:11:52,28.60,26.70
01:12:02,28.60,26.60
01:12:13,28.60,26.60
01:12:24,28.60,26.60
01:12:33,28.60,26.60
01:12:43,28.60,26.60
01:12:53,28.60,26.60
01:13:02,28.60,26.70
01:13:12,28.60,26.60
01:13:23,28.60,26.70
01:13:32,28.60,26.80
01:13:43,28.60,26.80
01:13:59,28.60,26.80
01:14:03,28.60,26.80
01:14:16,28.60,26.80
01:14:23,28.60,27.00
01:14:32,28.60,26.90
01:14:42,28.60,26.90
01:14:53,28.60,26.90
01:15:03,28.60,26.80
01:15:13,28.60,26.80
01:15:23,28.60,26.70
01:15:33,28.60,26.70
01:15:43,28.60,26.70
01:15:53,28.60,26.70
01:16:03,28.60,26.70
01:16:13,28.60,26.80
01:16:22,28.50,26.70
01:16:32,28.60,26.70
01:16:42,28.60,26.60
01:16:53,28.60,26.50
01:17:02,28.60,26.50
01:17:14,28.60,26.50
01:17:23,28.60,26.50
01:17:35,28.60,26.50
01:17:45,28.60,26.40
01:17:53,28.60,26.40
01:18:03,28.60,26.40
01:18:14,28.60,26.50
01:18:24,28.60,26.40
01:18:33,28.60,26.40
01:18:42,28.60,26.40
01:18:53,28.60,26.40
01:19:03,28.60,26.40
01:19:13,28.60,26.40
01:19:23,28.60,26.40
01:19:36,28.60,26.30
01:19:42,28.60,26.30
01:19:53,28.60,26.30
01:20:02,28.60,26.30
01:20:13,28.60,26.40
01:20:26,28.60,26.40
01:20:33,28.60,26.40
01:20:45,28.60,26.40
01:20:52,28.60,26.30
01:21:03,28.60,26.30
01:21:13,28.60,26.30
01:21:24,28.60,26.40
01:21:34,28.60,26.40
01:21:43,28.60,26.40
01:21:52,28.60,26.40
01:22:05,28.60,26.40
01:22:17,28.60,26.30
01:22:25,28.60,26.40
01:22:32,28.60,26.40
01:22:43,28.60,26.40
01:22:53,28.60,26.40
01:23:03,28.60,26.40
01:23:13,28.60,26.40
01:23:23,28.60,26.40
01:23:35,28.60,26.40
01:23:44,28.60,26.40
01:23:52,28.60,26.40
01:24:02,28.60,26.40
01:24:13,28.60,26.40
01:24:22,28.60,26.40
01:24:32,28.60,26.50
01:24:43,28.60,26.50
01:24:52,28.60,26.40
01:25:05,28.60,26.50
01:25:12,28.60,26.50
01:25:26,28.60,26.40
01:25:33,28.60,26.50
01:25:43,28.60,26.40
01:25:53,28.60,26.40
01:26:03,28.60,26.50
01:26:13,28.60,26.50
01:26:22,28.60,26.50
01:26:32,28.60,26.60
01:26:43,28.60,26.50
01:26:52,28.60,26.50
01:27:13,28.60,26.50
01:27:25,28.60,26.50
01:27:35,28.60,26.50
01:27:44,28.60,26.50
01:27:53,28.60,26.50
01:28:06,28.60,26.50
01:28:12,28.60,26.40
01:28:23,28.60,26.50
01:28:33,28.50,26.50
01:28:43,28.50,26.60
01:28:53,28.50,26.50
01:29:04,28.50,26.50
01:29:12,28.60,26.60
01:29:22,28.60,26.50
01:29:33,28.50,26.60
01:29:43,28.60,26.60
01:29:56,28.50,26.50
01:30:02,28.60,26.60
01:30:15,28.50,26.60
01:30:23,28.50,26.60
01:30:34,28.60,26.70
